{
  "version": 1,
  "author": "Anonymous maker",
  "editor": "wokwi",
  "parts": [
    { "type": "wokwi-arduino-mega", "id": "mega", "top": -136.62, "left": 27.32, "attrs": {} },
    {
      "type": "wokwi-led",
      "id": "led1",
      "top": 148.31,
      "left": 58.27,
      "attrs": { "color": "red" }
    },
    {
      "type": "wokwi-led",
      "id": "led2",
      "top": 148.84,
      "left": 96.15,
      "attrs": { "color": "red" }
    },
    {
      "type": "wokwi-led",
      "id": "led3",
      "top": 150.44,
      "left": 132.97,
      "attrs": { "color": "red" }
    },
    {
      "type": "wokwi-led",
      "id": "led4",
      "top": 149.38,
      "left": 172.45,
      "attrs": { "color": "red" }
    },
    { "type": "wokwi-led", "id": "led5", "top": 151.51, "left": 213, "attrs": { "color": "red" } },
    {
      "type": "wokwi-resistor",
      "id": "r1",
      "top": -114.57,
      "left": -27.67,
      "rotate": 90,
      "attrs": {}
    },
    {
      "type": "wokwi-resistor",
      "id": "r2",
      "top": -112.41,
      "left": -53.03,
      "rotate": 90,
      "attrs": {}
    },
    {
      "type": "wokwi-resistor",
      "id": "r3",
      "top": -117.02,
      "left": -71.47,
      "rotate": 90,
      "attrs": {}
    },
    {
      "type": "wokwi-resistor",
      "id": "r4",
      "top": -118.47,
      "left": -92.23,
      "rotate": 90,
      "attrs": {}
    },
    {
      "type": "wokwi-resistor",
      "id": "r5",
      "top": -117.02,
      "left": -117.59,
      "rotate": 90,
      "attrs": {}
    },
    {
      "type": "wokwi-led",
      "id": "led6",
      "top": 196.81,
      "left": 60.19,
      "attrs": { "color": "red" }
    },
    {
      "type": "wokwi-led",
      "id": "led7",
      "top": 196.81,
      "left": 98.11,
      "attrs": { "color": "red" }
    },
    {
      "type": "wokwi-led",
      "id": "led8",
      "top": 198.39,
      "left": 136.04,
      "attrs": { "color": "red" }
    },
    {
      "type": "wokwi-led",
      "id": "led9",
      "top": 197.6,
      "left": 173.96,
      "attrs": { "color": "red" }
    },
    {
      "type": "wokwi-led",
      "id": "led10",
      "top": 199.97,
      "left": 213.47,
      "attrs": { "color": "red" }
    },
    {
      "type": "wokwi-led",
      "id": "led11",
      "top": 242.64,
      "left": 61.77,
      "attrs": { "color": "red" }
    },
    {
      "type": "wokwi-led",
      "id": "led12",
      "top": 245.01,
      "left": 99.69,
      "attrs": { "color": "red" }
    },
    {
      "type": "wokwi-led",
      "id": "led13",
      "top": 245.8,
      "left": 136.83,
      "attrs": { "color": "red" }
    },
    {
      "type": "wokwi-led",
      "id": "led14",
      "top": 247.38,
      "left": 175.54,
      "attrs": { "color": "red" }
    },
    {
      "type": "wokwi-led",
      "id": "led15",
      "top": 248.17,
      "left": 211.89,
      "attrs": { "color": "red" }
    },
    {
      "type": "wokwi-led",
      "id": "led16",
      "top": 287.58,
      "left": 61.45,
      "attrs": { "color": "red" }
    },
    {
      "type": "wokwi-led",
      "id": "led17",
      "top": 287.81,
      "left": 101.18,
      "attrs": { "color": "red" }
    },
    {
      "type": "wokwi-led",
      "id": "led18",
      "top": 288.36,
      "left": 135.85,
      "attrs": { "color": "red" }
    },
    {
      "type": "wokwi-led",
      "id": "led19",
      "top": 290.64,
      "left": 175.55,
      "attrs": { "color": "red" }
    },
    {
      "type": "wokwi-led",
      "id": "led20",
      "top": 290.76,
      "left": 212.8,
      "attrs": { "color": "red" }
    },
    {
      "type": "wokwi-led",
      "id": "led21",
      "top": 332.43,
      "left": 62.91,
      "attrs": { "color": "red" }
    },
    {
      "type": "wokwi-led",
      "id": "led22",
      "top": 332.92,
      "left": 101.32,
      "attrs": { "color": "red" }
    },
    {
      "type": "wokwi-led",
      "id": "led23",
      "top": 333.03,
      "left": 136.93,
      "attrs": { "color": "red" }
    },
    {
      "type": "wokwi-led",
      "id": "led24",
      "top": 334.6,
      "left": 176.44,
      "attrs": { "color": "red" }
    },
    {
      "type": "wokwi-led",
      "id": "led25",
      "top": 334.89,
      "left": 214.53,
      "attrs": { "color": "red" }
    },
    {
      "type": "wokwi-led",
      "id": "led26",
      "top": 150.52,
      "left": 254.84,
      "attrs": { "color": "red" }
    },
    {
      "type": "wokwi-led",
      "id": "led27",
      "top": 149.65,
      "left": 292.28,
      "attrs": { "color": "red" }
    },
    {
      "type": "wokwi-led",
      "id": "led28",
      "top": 150.52,
      "left": 329.71,
      "attrs": { "color": "red" }
    },
    {
      "type": "wokwi-led",
      "id": "led29",
      "top": 201.03,
      "left": 254.84,
      "attrs": { "color": "red" }
    },
    {
      "type": "wokwi-led",
      "id": "led30",
      "top": 201.02,
      "left": 294.89,
      "attrs": { "color": "red" }
    },
    {
      "type": "wokwi-led",
      "id": "led31",
      "top": 201.02,
      "left": 332.32,
      "attrs": { "color": "red" }
    },
    {
      "type": "wokwi-led",
      "id": "led32",
      "top": 248.04,
      "left": 255.7,
      "attrs": { "color": "red" }
    },
    {
      "type": "wokwi-led",
      "id": "led33",
      "top": 248.91,
      "left": 295.76,
      "attrs": { "color": "red" }
    },
    {
      "type": "wokwi-led",
      "id": "led34",
      "top": 248.05,
      "left": 332.34,
      "attrs": { "color": "red" }
    },
    {
      "type": "wokwi-led",
      "id": "led35",
      "top": 292.45,
      "left": 256.58,
      "attrs": { "color": "red" }
    },
    {
      "type": "wokwi-led",
      "id": "led36",
      "top": 293.32,
      "left": 296.63,
      "attrs": { "color": "red" }
    },
    {
      "type": "wokwi-led",
      "id": "led37",
      "top": 291.58,
      "left": 332.34,
      "attrs": { "color": "red" }
    },
    {
      "type": "wokwi-led",
      "id": "led38",
      "top": 335.12,
      "left": 256.58,
      "attrs": { "color": "red" }
    },
    {
      "type": "wokwi-led",
      "id": "led39",
      "top": 334.25,
      "left": 298.37,
      "attrs": { "color": "red" }
    },
    {
      "type": "wokwi-led",
      "id": "led40",
      "top": 334.25,
      "left": 333.21,
      "attrs": { "color": "red" }
    },
    {
      "type": "wokwi-led",
      "id": "led41",
      "top": 386.49,
      "left": 65.88,
      "attrs": { "color": "red" }
    },
    {
      "type": "wokwi-led",
      "id": "led42",
      "top": 385.62,
      "left": 102.45,
      "attrs": { "color": "red" }
    },
    {
      "type": "wokwi-led",
      "id": "led43",
      "top": 386.49,
      "left": 137.28,
      "attrs": { "color": "red" }
    },
    {
      "type": "wokwi-led",
      "id": "led44",
      "top": 386.49,
      "left": 178.21,
      "attrs": { "color": "red" }
    },
    {
      "type": "wokwi-led",
      "id": "led45",
      "top": 387.36,
      "left": 213.91,
      "attrs": { "color": "red" }
    },
    {
      "type": "wokwi-led",
      "id": "led46",
      "top": 388.23,
      "left": 256.57,
      "attrs": { "color": "red" }
    },
    {
      "type": "wokwi-led",
      "id": "led47",
      "top": 387.36,
      "left": 297.5,
      "attrs": { "color": "red" }
    },
    {
      "type": "wokwi-led",
      "id": "led48",
      "top": 388.23,
      "left": 333.2,
      "attrs": { "color": "red" }
    },
    {
      "type": "wokwi-led",
      "id": "led49",
      "top": 430.9,
      "left": 65.88,
      "attrs": { "color": "red" }
    },
    {
      "type": "wokwi-led",
      "id": "led50",
      "top": 430.9,
      "left": 99.84,
      "attrs": { "color": "red" }
    },
    {
      "type": "wokwi-led",
      "id": "led51",
      "top": 429.16,
      "left": 136.41,
      "attrs": { "color": "red" }
    },
    {
      "type": "wokwi-led",
      "id": "led52",
      "top": 430.9,
      "left": 177.34,
      "attrs": { "color": "red" }
    },
    {
      "type": "wokwi-led",
      "id": "led53",
      "top": 430.9,
      "left": 214.78,
      "attrs": { "color": "red" }
    },
    {
      "type": "wokwi-led",
      "id": "led54",
      "top": 430.03,
      "left": 256.58,
      "attrs": { "color": "red" }
    },
    {
      "type": "wokwi-led",
      "id": "led55",
      "top": 429.16,
      "left": 298.37,
      "attrs": { "color": "red" }
    },
    {
      "type": "wokwi-led",
      "id": "led56",
      "top": 428.29,
      "left": 334.07,
      "attrs": { "color": "red" }
    },
    {
      "type": "wokwi-led",
      "id": "led57",
      "top": 476.18,
      "left": 67.62,
      "attrs": { "color": "red" }
    },
    {
      "type": "wokwi-led",
      "id": "led58",
      "top": 476.18,
      "left": 101.58,
      "attrs": { "color": "red" }
    },
    {
      "type": "wokwi-led",
      "id": "led59",
      "top": 477.05,
      "left": 136.41,
      "attrs": { "color": "red" }
    },
    {
      "type": "wokwi-led",
      "id": "led60",
      "top": 476.18,
      "left": 175.6,
      "attrs": { "color": "red" }
    },
    {
      "type": "wokwi-led",
      "id": "led61",
      "top": 477.05,
      "left": 217.39,
      "attrs": { "color": "red" }
    },
    {
      "type": "wokwi-led",
      "id": "led62",
      "top": 474.43,
      "left": 254.83,
      "attrs": { "color": "red" }
    },
    {
      "type": "wokwi-led",
      "id": "led63",
      "top": 475.31,
      "left": 297.5,
      "attrs": { "color": "red" }
    },
    {
      "type": "wokwi-led",
      "id": "led64",
      "top": 474.43,
      "left": 334.07,
      "attrs": { "color": "red" }
    },
    {
      "type": "wokwi-resistor",
      "id": "r6",
      "top": 106.82,
      "left": 258.77,
      "rotate": 90,
      "attrs": {}
    },
    {
      "type": "wokwi-resistor",
      "id": "r7",
      "top": 105.84,
      "left": 303.04,
      "rotate": 90,
      "attrs": {}
    },
    {
      "type": "wokwi-resistor",
      "id": "r8",
      "top": 107.81,
      "left": 340.44,
      "rotate": 90,
      "attrs": {}
    },
    { "type": "wokwi-dip-switch-8", "id": "sw1", "top": -272.1, "left": 327.9, "attrs": {} },
    {
      "type": "wokwi-pushbutton-6mm",
      "id": "btn1",
      "top": -261.4,
      "left": 460.8,
      "attrs": { "color": "green" }
    }
  ],
  "connections": [
    [ "led1:C", "led2:C", "green", [ "v13", "h33" ] ],
    [ "led3:C", "led2:C", "green", [ "v11", "h-33" ] ],
    [ "led4:C", "led3:C", "green", [ "v13", "h-37" ] ],
    [ "led5:C", "led4:C", "green", [ "v9", "h-36" ] ],
    [ "led4:A", "r2:2", "green", [ "v-4", "h14", "v-83", "h-234" ] ],
    [ "led5:A", "r1:2", "green", [ "v1", "h8", "v-113", "h-249" ] ],
    [ "r1:1", "mega:13", "green", [ "h-1", "v-13", "h152" ] ],
    [ "r2:1", "mega:12", "green", [ "h1", "v-28", "h181" ] ],
    [ "r3:1", "mega:11", "green", [ "h1", "v-31", "h213", "v9" ] ],
    [ "r4:1", "mega:10", "green", [ "h0", "v-36", "h40" ] ],
    [ "r5:1", "mega:9", "green", [ "h1", "v-43", "h278" ] ],
    [ "led6:C", "led7:C", "green", [ "v11", "h38", "v-2" ] ],
    [ "led7:C", "led8:C", "green", [ "v12", "h40" ] ],
    [ "led8:C", "led9:C", "green", [ "v11", "h37" ] ],
    [ "led9:C", "led10:C", "green", [ "v12", "h18" ] ],
    [ "led1:A", "r5:2", "green", [ "v-2", "h12", "v-36", "h-174" ] ],
    [ "led6:A", "led1:A", "green", [ "v-1", "h10", "v-48" ] ],
    [ "led7:A", "led2:A", "green", [ "v0", "h11", "v-47" ] ],
    [ "r4:2", "led2:A", "green", [ "h2", "v217", "h192", "v48" ] ],
    [ "led10:A", "led5:A", "green", [ "v0", "h12", "v-54" ] ],
    [ "led11:A", "led6:A", "green", [ "v-2", "h11", "v-16" ] ],
    [ "led12:A", "led7:A", "green", [ "v2", "h11", "v-50" ] ],
    [ "led13:A", "led8:A", "green", [ "v-3", "h10", "v-47" ] ],
    [ "led8:A", "led3:A", "green", [ "v-3", "h10", "v-46" ] ],
    [ "r3:2", "led3:A", "green", [ "h1", "v202", "h211", "v56" ] ],
    [ "led14:A", "led9:A", "green", [ "v0", "h9", "v-51" ] ],
    [ "led9:A", "led4:A", "green", [ "v-1", "h11", "v-49" ] ],
    [ "led15:A", "led10:A", "green", [ "v-1", "h20", "v-51" ] ],
    [ "led11:C", "led12:C", "green", [ "v10", "h38", "v-1" ] ],
    [ "led13:C", "led12:C", "green", [ "v9", "h-31" ] ],
    [ "led14:C", "led13:C", "green", [ "v8", "h-34" ] ],
    [ "led15:C", "led14:C", "green", [ "v8", "h-34", "v-2" ] ],
    [ "led16:A", "led11:A", "green", [ "v-3", "h12", "v-42" ] ],
    [ "led17:A", "led12:A", "green", [ "v-1", "h13", "v-39" ] ],
    [ "led18:A", "led13:A", "green", [ "v3", "h13", "v-45" ] ],
    [ "led19:A", "led14:A", "green", [ "v3", "h12", "v-44" ] ],
    [ "led20:A", "led15:A", "green", [ "v1", "h19", "v-43" ] ],
    [ "led16:C", "led17:C", "green", [ "v9", "h42", "v-1" ] ],
    [ "led18:C", "led17:C", "green", [ "v6", "h-25" ] ],
    [ "led19:C", "led18:C", "green", [ "v8", "h-34" ] ],
    [ "led20:C", "led19:C", "green", [ "v10", "h-37" ] ],
    [ "led21:A", "led16:A", "green", [ "v0", "h10", "v-46" ] ],
    [ "led22:A", "led17:A", "green", [ "v2", "h14", "v-48" ] ],
    [ "led23:A", "led18:A", "green", [ "v-1", "h16", "v-42" ] ],
    [ "led24:A", "led19:A", "green", [ "v-2", "h16", "v-40" ] ],
    [ "led25:A", "led20:A", "green", [ "v-1", "h16", "v-41" ] ],
    [ "led21:C", "led22:C", "green", [ "v10", "h38" ] ],
    [ "led23:C", "led22:C", "green", [ "v11", "h-25" ] ],
    [ "led24:C", "led23:C", "green", [ "v10", "h-33" ] ],
    [ "led25:C", "led24:C", "green", [ "v8", "h-31" ] ],
    [ "led5:C", "led26:C", "green", [ "v7.62", "h43.41" ] ],
    [ "led26:C", "led27:C", "green", [ "v7.74", "h39.88" ] ],
    [ "led27:C", "led28:C", "green", [ "v6.87", "h36.4" ] ],
    [ "led10:C", "led29:C", "green", [ "v7.92", "h44.68" ] ],
    [ "led29:C", "led30:C", "green", [ "v7.73", "h43.36" ] ],
    [ "led30:C", "led31:C", "green", [ "v7.74", "h39.02" ] ],
    [ "led15:C", "led32:C", "green", [ "v7.61", "h44.52" ] ],
    [ "led32:C", "led33:C", "green", [ "v6.87", "h42.67" ] ],
    [ "led33:C", "led34:C", "green", [ "v6", "h42.67" ] ],
    [ "led34:C", "mega:2", "green", [ "v6.86", "h76.45", "v-463.23", "h-166.31" ] ],
    [ "led20:C", "led35:C", "green", [ "v7.69", "h46.22" ] ],
    [ "led35:C", "led36:C", "green", [ "v6", "h39.88" ] ],
    [ "led36:C", "led37:C", "green", [ "v5.13", "h43.37" ] ],
    [ "led37:C", "mega:3", "green", [ "v5.13", "h89.51", "v-518.09", "h-189.86" ] ],
    [ "led25:C", "led38:C", "green", [ "v7.97", "h40.14" ] ],
    [ "led38:C", "led39:C", "green", [ "v6.87", "h39.88" ] ],
    [ "led39:C", "led40:C", "green", [ "v8.61", "h41.63" ] ],
    [ "led40:C", "mega:4", "green", [ "v6", "h112.15", "v-571.2", "h-226.39" ] ],
    [ "led26:A", "led29:A", "green", [ "v-0.97", "h10.11", "v47.02" ] ],
    [ "led29:A", "led32:A", "green", [ "v0.77", "h11.85", "v42.67" ] ],
    [ "led32:A", "led35:A", "green", [ "v-0.09", "h8.38", "v39.18" ] ],
    [ "led35:A", "led38:A", "green", [ "v0.78", "h10.98", "v41.8" ] ],
    [ "led38:A", "led46:A", "green", [ "v0.77", "h9.24", "v53.99" ] ],
    [ "led46:A", "led54:A", "green", [ "v-1.83", "h9.25", "v41.8" ] ],
    [ "led54:A", "led62:A", "green", [ "v-0.97", "h10.11", "v44.41" ] ],
    [ "led39:A", "led47:A", "green", [ "v-0.97", "h7.51", "v48.76" ] ],
    [ "led47:A", "led55:A", "green", [ "v-0.96", "h8.38", "v40.05" ] ],
    [ "led55:A", "led63:A", "green", [ "v0.77", "h10.12", "v47.02" ] ],
    [ "led40:A", "led48:A", "green", [ "v-1.84", "h7.5", "v55.73" ] ],
    [ "led48:A", "led56:A", "green", [ "v-0.96", "h9.25", "v40.92" ] ],
    [ "led56:A", "led64:A", "green", [ "v-0.1", "h8.38", "v48.76" ] ],
    [ "led25:A", "led45:A", "green", [ "v-1.61", "h9.5", "v53.12" ] ],
    [ "led45:A", "led53:A", "green", [ "v-0.96", "h12.73", "v44.41" ] ],
    [ "led53:A", "led61:A", "green", [ "v0.77", "h10.12", "v50.5" ] ],
    [ "led24:A", "led44:A", "green", [ "v-2.19", "h11.02", "v49.63" ] ],
    [ "led44:A", "led52:A", "green", [ "v-0.09", "h7.5", "v43.54" ] ],
    [ "led52:A", "led60:A", "green", [ "v0.77", "h7.5", "v45.28" ] ],
    [ "led23:A", "led43:A", "green", [ "v-2.36", "h8.73", "v56.6" ] ],
    [ "led43:A", "led51:A", "green", [ "v0.78", "h6.64", "v49.63" ] ],
    [ "led51:A", "led59:A", "green", [ "v-0.1", "h11.86", "v40.05" ] ],
    [ "led22:A", "led42:A", "green", [ "v1.23", "h7.77", "v53.99" ] ],
    [ "led42:A", "led50:A", "green", [ "v0.78", "h5.77", "v43.54" ] ],
    [ "led50:A", "led58:A", "green", [ "v1.64", "h9.25", "v44.41" ] ],
    [ "led21:A", "led41:A", "green", [ "v-1.76", "h9.61", "v57.47" ] ],
    [ "led41:A", "led49:A", "green", [ "v-0.97", "h7.51", "v40.92" ] ],
    [ "led49:A", "led57:A", "green", [ "v0.77", "h9.25", "v47.02" ] ],
    [ "led41:C", "led42:C", "green", [ "v6.87", "h34.66" ] ],
    [ "led42:C", "led43:C", "green", [ "v8.61", "h32.92" ] ],
    [ "led43:C", "led44:C", "green", [ "v8.61", "h41.63" ] ],
    [ "led44:C", "led45:C", "green", [ "v7.74", "h35.53" ] ],
    [ "led45:C", "led46:C", "green", [ "v6.87", "h40.76" ] ],
    [ "led46:C", "led47:C", "green", [ "v7.74", "h43.37" ] ],
    [ "led47:C", "led48:C", "green", [ "v6", "h33.79" ] ],
    [ "led49:C", "led50:C", "green", [ "v8.61", "h32.92" ] ],
    [ "led50:C", "led51:C", "green", [ "v7.74", "h35.53" ] ],
    [ "led51:C", "led52:C", "green", [ "v8.61", "h39.89" ] ],
    [ "led52:C", "led53:C", "green", [ "v8.61", "h38.14" ] ],
    [ "led53:C", "led54:C", "green", [ "v7.74", "h43.37" ] ],
    [ "led54:C", "led55:C", "green", [ "v7.74", "h45.11" ] ],
    [ "led55:C", "led56:C", "green", [ "v6.87", "h37.27" ] ],
    [ "led57:C", "led58:C", "green", [ "v7.74", "h34.67" ] ],
    [ "led58:C", "led59:C", "green", [ "v8.61", "h37.28" ] ],
    [ "led59:C", "led60:C", "green", [ "v8.61", "h40.76" ] ],
    [ "led60:C", "led61:C", "green", [ "v8.61", "h41.62" ] ],
    [ "led61:C", "led62:C", "green", [ "v6.87", "h38.15" ] ],
    [ "led62:C", "led63:C", "green", [ "v9.49", "h45.11" ] ],
    [ "led63:C", "led64:C", "green", [ "v8.61", "h39.02" ] ],
    [ "led48:C", "mega:5", "green", [ "v4.72", "h136.46", "v-629.74", "h-250.91" ] ],
    [ "led56:C", "mega:6", "green", [ "v6.97", "h146.41", "v-677.95", "h-268.62" ] ],
    [ "led64:C", "mega:7", "green", [ "v7.07", "h157.23", "v-727.15", "h-299.13" ] ],
    [ "led26:A", "r6:2", "green", [ "v-1.6", "h8.06" ] ],
    [ "led27:A", "led30:A", "green", [ "v-0.73", "h13.91", "v52.15" ] ],
    [ "led30:A", "led33:A", "green", [ "v-1.91", "h11.3", "v53.13" ] ],
    [ "led33:A", "led36:A", "green", [ "v-0.61", "h9.45", "v42.31" ] ],
    [ "led36:A", "led39:A", "green", [ "v0.25", "h10.54", "v41.33" ] ],
    [ "led28:A", "led31:A", "green", [ "v-0.61", "h14.86", "v50.18" ] ],
    [ "led31:A", "led34:A", "green", [ "v-1.91", "h15.2", "v52.15" ] ],
    [ "led34:A", "led37:A", "green", [ "v1.24", "h12.23", "v46.25" ] ],
    [ "led37:A", "led40:A", "green", [ "v1.99", "h19.11", "v39.36" ] ],
    [ "led27:A", "r7:2", "green", [ "v-2.69", "h15.88" ] ],
    [ "led28:A", "r8:2", "green", [ "v-0.61", "h17.81" ] ],
    [ "r6:1", "mega:14", "green", [ "h0" ] ],
    [ "r7:1", "mega:15", "green", [ "h0" ] ],
    [ "r8:1", "mega:16", "green", [ "h-8.78", "v-25.8", "h-36.41" ] ],
    [ "mega:20", "led28:C", "green", [ "v-18.12", "h61.01", "v233.34" ] ],
    [ "mega:21", "led31:C", "green", [ "v-9.78", "h24.84", "v370.02" ] ],
    [ "sw1:6a", "sw1:5a", "black", [ "v0" ] ],
    [ "sw1:5a", "sw1:4a", "black", [ "v0" ] ],
    [ "sw1:4a", "sw1:3a", "black", [ "v0" ] ],
    [ "sw1:3a", "sw1:2a", "black", [ "v0" ] ],
    [ "sw1:2b", "mega:25", "orange", [ "v-38.1", "h96", "v192" ] ],
    [ "sw1:3b", "mega:24", "gold", [ "v-28.5", "h-28.8", "v144", "h19.2", "v48" ] ],
    [ "sw1:4b", "mega:23", "violet", [ "v-28.5", "h67.2", "v172.8" ] ],
    [ "sw1:5b", "mega:22", "gray", [ "v-18.9", "h-67.2", "v144", "h28.8", "v28.8" ] ],
    [ "mega:GND.1", "sw1:1a", "black", [ "v-93.18", "h7.28" ] ],
    [ "sw1:2a", "sw1:1a", "black", [ "v0" ] ],
    [ "sw1:6a", "sw1:7a", "black", [ "v0" ] ],
    [ "sw1:7a", "sw1:8a", "black", [ "v0" ] ],
    [ "mega:27", "btn1:2.r", "magenta", [ "v3.87", "h120.08", "v-144" ] ],
    [ "btn1:1.l", "mega:GND.1", "black", [ "h-38.4", "v48", "h-278.4" ] ]
  ],
  "dependencies": {}
}