{
  "version": 1,
  "author": "Jayden Kong",
  "editor": "wokwi",
  "parts": [
    { "type": "wokwi-arduino-mega", "id": "mega", "top": 586.2, "left": 217.2, "attrs": {} },
    {
      "type": "wokwi-led-bar-graph",
      "id": "bargraph1",
      "top": 436.8,
      "left": 350.8,
      "rotate": 180,
      "attrs": { "color": "lime" }
    },
    {
      "type": "wokwi-pushbutton-6mm",
      "id": "btn1",
      "top": 439.4,
      "left": 432,
      "attrs": { "color": "green" }
    },
    {
      "type": "wokwi-pushbutton-6mm",
      "id": "btn2",
      "top": 439.4,
      "left": 480,
      "attrs": { "color": "green" }
    },
    {
      "type": "wokwi-pushbutton-6mm",
      "id": "btn4",
      "top": 439.4,
      "left": 576,
      "attrs": { "color": "green" }
    },
    {
      "type": "wokwi-pushbutton-6mm",
      "id": "btn5",
      "top": 439.4,
      "left": 528,
      "attrs": { "color": "green" }
    },
    {
      "type": "wokwi-led",
      "id": "led1",
      "top": 466.8,
      "left": 272.6,
      "attrs": { "color": "red" }
    }
  ],
  "connections": [
    [ "bargraph1:C10", "mega:GND.1", "black", [ "h0" ] ],
    [ "bargraph1:C9", "mega:GND.1", "black", [ "h0" ] ],
    [ "bargraph1:A10", "mega:13", "red", [ "h0", "v-9.59", "h-38.4" ] ],
    [ "bargraph1:A9", "mega:12", "orange", [ "h9.6", "v-28.79", "h-67.2", "v163.2", "h28.8" ] ],
    [ "btn1:2.l", "mega:GND.1", "black", [ "h-19.2", "v-57.2", "h-76.8" ] ],
    [ "btn2:2.l", "mega:GND.1", "black", [ "h-9.6", "v-66.8", "h-134.4" ] ],
    [ "btn5:2.l", "mega:GND.1", "black", [ "h-9.6", "v-76.4", "h-182.4" ] ],
    [ "btn4:2.l", "mega:GND.1", "black", [ "h-9.6", "v-86", "h-9.6" ] ],
    [ "mega:4", "btn4:1.r", "purple", [ "v-9.6", "h187.8", "v-19.2" ] ],
    [ "mega:5", "btn5:1.r", "white", [ "v-19.2", "h139.7", "v-134.4" ] ],
    [ "mega:6", "btn2:1.r", "gray", [ "v-28.8", "h101.2", "v-19.2" ] ],
    [ "mega:7", "btn1:1.r", "violet", [ "v-38.4", "h63.2", "v-9.6" ] ],
    [
      "bargraph1:A8",
      "mega:11",
      "gold",
      [ "h19.2", "v-47.99", "h-86.4", "v163.2", "h48", "v9.6" ]
    ],
    [ "bargraph1:C8", "mega:GND.1", "black", [ "h-19.42", "v9.61" ] ],
    [ "led1:A", "mega:11", "gold", [ "v57.6", "h67.2" ] ],
    [ "led1:C", "mega:GND.1", "black", [ "v57.6", "h0.4", "v9.6", "h48" ] ]
  ],
  "dependencies": {}
}